coach,n_decisions,shrinkage_weight,last_season,punt_observed,punt_expected,punt_shrunk,field_goal_observed,field_goal_expected,field_goal_shrunk,go_for_it_observed,go_for_it_expected,go_for_it_shrunk,n_go_for_it_attempts,n_conversions,conversion_rate
Aaron Glenn,161,0.9415204678362573,2026,0.515527950310559,0.5032814,0.5148117786262467,0.21739130434782608,0.22711407,0.21795988692874796,0.2670807453416149,0.2696045,0.2672283335735923,43,21,0.4883720930232558
Aaron Kromer,37,0.7872340425531915,2012,0.6486486486486487,0.6502458,0.6489884650453609,0.24324324324324326,0.23070338,0.24057518801790606,0.10810810810810811,0.11905094,0.11043637071518189,4,3,0.75
Adam Gase,566,0.9826388888888888,2020,0.6607773851590106,0.65456235,0.6606694853140249,0.1978798586572438,0.19564049,0.19784098071977493,0.1413427561837456,0.14979716,0.14148953396620023,80,31,0.3875
Andy Reid,1846,0.9946120689655172,2026,0.5547128927410617,0.55582184,0.5547188676508337,0.29469122426868904,0.2926112,0.2946800173035469,0.15059588299024917,0.151567,0.15060111528647868,278,176,0.6330935251798561
Anthony Lynn,407,0.9760191846522782,2020,0.5675675675675675,0.5487708,0.5671168054036385,0.2800982800982801,0.28714374,0.2802672359011442,0.15233415233415235,0.16408545,0.15261595798053332,62,36,0.5806451612903226
Antonio Pierce,189,0.949748743718593,2024,0.5291005291005291,0.49794677,0.5275350135175426,0.2804232804232804,0.26932904,0.2798657809669648,0.19047619047619047,0.2327242,0.19259920626429455,36,20,0.5555555555555556
Arthur Smith,331,0.9706744868035191,2023,0.5498489425981873,0.5395503,0.5495469297481771,0.26586102719033233,0.25965235,0.2656789544390793,0.18429003021148035,0.2007974,0.18477411712369612,61,27,0.4426229508196721
Ben Johnson,165,0.9428571428571428,2026,0.3939393939393939,0.40465778,0.39455187320709223,0.296969696969697,0.34779847,0.29987419809613913,0.3090909090909091,0.2475438,0.30557393125125343,51,26,0.5098039215686274
Ben McAdoo,224,0.9572649572649573,2017,0.6651785714285714,0.6457096,0.6643465630009643,0.17857142857142858,0.2180109,0.18025687617114466,0.15625,0.13627954,0.15539656146469277,35,16,0.45714285714285713
Bill Belichick,1663,0.9940227136879857,2023,0.5778713168971737,0.5604537,0.5777672068914538,0.28502705953096813,0.29751447,0.28510170034926163,0.1371016235718581,0.14203182,0.1371310927592846,228,121,0.5307017543859649
Bill Callahan,80,0.8888888888888888,2019,0.6375,0.6027673,0.6336408098538716,0.2875,0.29552773,0.28839196960131325,0.075,0.10170503,0.0779672255118688,6,0,0.0
Bill O'Brien,779,0.9873257287705957,2020,0.5917843388960206,0.5929503,0.5917991164066039,0.25288831835686776,0.2531301,0.25289138286588153,0.15532734274711169,0.15391962,0.15530950091637585,121,55,0.45454545454545453
Brad Childress,67,0.8701298701298701,2010,0.6268656716417911,0.6233548,0.6264097133240142,0.1791044776119403,0.1808485,0.1793309732691034,0.19402985074626866,0.19579673,0.1942593153420981,13,5,0.38461538461538464
Brandon Staley,341,0.9715099715099715,2023,0.5161290322580645,0.52013,0.5162430193349506,0.2316715542521994,0.2630444,0.23256536715390674,0.25219941348973607,0.21682565,0.25119161393567707,86,47,0.5465116279069767
Brian Callahan,252,0.9618320610687023,2025,0.5436507936507936,0.51865304,0.5426966807314458,0.2261904761904762,0.20398821,0.22534306142621366,0.23015873015873015,0.27735877,0.23196025841108714,58,25,0.43103448275862066
Brian Daboll,536,0.9816849816849816,2025,0.5354477611940298,0.5279354,0.5353101718993414,0.21082089552238806,0.21324849,0.21086535698328263,0.2537313432835821,0.25881615,0.25382447166320604,136,68,0.5
Brian Flores,344,0.9717514124293786,2021,0.5784883720930233,0.57805836,0.578476224915456,0.2558139534883721,0.24725719,0.2555722369480941,0.16569767441860464,0.17468445,0.1659515381364499,57,32,0.5614035087719298
Brian Schottenheimer,130,0.9285714285714286,2026,0.34615384615384615,0.40474725,0.35033908912113737,0.36923076923076925,0.34579778,0.36755698408399307,0.2846153846153846,0.24945499,0.2821039278592382,37,24,0.6486486486486487
Bruce Arians,889,0.9888765294771968,2021,0.5984251968503937,0.59160846,0.5983493711314557,0.29021372328458944,0.28563958,0.2901628429818074,0.11136107986501688,0.12275198,0.11148778621824221,99,55,0.5555555555555556
Chan Gailey,329,0.9705014749262537,2012,0.6413373860182371,0.6363746,0.6411909909374945,0.1945288753799392,0.20960489,0.1949735955502783,0.1641337386018237,0.15402055,0.16383541439135166,54,25,0.46296296296296297
Chip Kelly,475,0.979381443298969,2016,0.6505263157894737,0.64120156,0.6503340526954415,0.22105263157894736,0.22994465,0.22123597208986576,0.12842105263157894,0.1288538,0.12842997521469274,61,34,0.5573770491803278
Chris Tabor,61,0.8591549295774648,2023,0.4918032786885246,0.5133665,0.49484035498659373,0.14754098360655737,0.1807746,0.15222177455123043,0.36065573770491804,0.30585897,0.3529378830547064,22,8,0.36363636363636365
Chuck Pagano,685,0.9856115107913669,2017,0.5912408759124088,0.5906412,0.5912322474898195,0.2875912408759124,0.2801392,0.2874840173789923,0.12116788321167883,0.1292196,0.12128373534559345,83,40,0.4819277108433735
Dan Campbell,602,0.9836601307189542,2026,0.45016611295681064,0.47406664,0.45055664452462413,0.2292358803986711,0.2626776,0.2297823138875899,0.32059800664451826,0.2632557,0.31966104061385386,193,109,0.5647668393782384
Dan Quinn,810,0.9878048780487805,2026,0.4802469135802469,0.49465218,0.48042258758370465,0.3148148148148148,0.30830038,0.3147353704382734,0.20493827160493827,0.19704744,0.20484204197802194,166,98,0.5903614457831325
Darrell Bevell,54,0.84375,2021,0.5370370370370371,0.540067,0.5375104714185,0.24074074074074073,0.20096166,0.23452526004984975,0.2222222222222222,0.25897133,0.22796427085995674,12,7,0.5833333333333334
Dave Canales,271,0.9644128113879004,2026,0.4907749077490775,0.49502507,0.49092615902211745,0.2177121771217712,0.2269152,0.21803968667559775,0.2915129151291513,0.27805972,0.2910341537719944,79,44,0.5569620253164557
David Culley,124,0.9253731343283582,2021,0.6290322580645161,0.5989023,0.6267837526193306,0.20161290322580644,0.19271807,0.20094910997952986,0.1693548387096774,0.20837967,0.17226713962519344,21,9,0.42857142857142855
DeMeco Ryans,453,0.978401727861771,2026,0.543046357615894,0.5285583,0.542733440903814,0.30242825607064017,0.2849877,0.3020515699365999,0.1545253863134658,0.18645398,0.1552149888377468,70,34,0.4857142857142857
Dennis Allen,618,0.9840764331210191,2024,0.6067961165048543,0.59560823,0.6066179655160113,0.2524271844660194,0.24270529,0.25227237715842615,0.1407766990291262,0.16168651,0.14110965780012166,87,41,0.47126436781609193
Dirk Koetter,284,0.9659863945578231,2018,0.602112676056338,0.5839215,0.601493928302713,0.29225352112676056,0.29409844,0.2923162733616472,0.1056338028169014,0.121980086,0.106189798842482,30,17,0.5666666666666667
Doug Marrone,775,0.9872611464968153,2020,0.6129032258064516,0.6107479,0.6128757690927784,0.24645161290322581,0.24020779,0.24637207377488446,0.1406451612903226,0.14904428,0.1407521563730422,109,48,0.44036697247706424
Doug Pederson,965,0.9897435897435898,2024,0.5170984455958549,0.53417844,0.5172736249825893,0.25181347150259065,0.2682131,0.25198167275159783,0.23108808290155441,0.19760847,0.2307447022658128,223,112,0.5022421524663677
Eric Mangini,106,0.9137931034482759,2010,0.6981132075471698,0.7062347,0.6988133356488984,0.2358490566037736,0.21664679,0.234193688836591,0.0660377358490566,0.077118486,0.06699297294534486,7,5,0.7142857142857143
Eric Studesville,30,0.75,2010,0.6333333333333333,0.624192,0.6310479998588562,0.23333333333333334,0.21445894,0.2286147356033325,0.13333333333333333,0.16134915,0.14033728688955308,4,1,0.25
Frank Reich,582,0.9831081081081081,2023,0.5120274914089347,0.51932913,0.512150829909621,0.26288659793814434,0.2674345,0.2629634207366286,0.22508591065292097,0.21323639,0.22488574985716794,131,74,0.5648854961832062
Freddie Kitchens,103,0.911504424778761,2019,0.5631067961165048,0.56603336,0.5633657843665738,0.27184466019417475,0.27505016,0.27212833303265865,0.1650485436893204,0.15891646,0.1645058812820806,17,7,0.4117647058823529
Gary Kubiak,744,0.986737400530504,2016,0.6075268817204301,0.6024591,0.6074596694040678,0.27553763440860213,0.27109775,0.2754787499929929,0.11693548387096774,0.12644324,0.11706158139345184,87,38,0.4367816091954023
Giff Smith,29,0.7435897435897436,2023,0.4482758620689655,0.4664031,0.4529238710036645,0.3793103448275862,0.34313458,0.3700345082160754,0.1724137931034483,0.19046232,0.17704162078026014,5,3,0.6
Greg Schiano,249,0.9613899613899614,2013,0.6024096385542169,0.61889994,0.603046329785498,0.24497991967871485,0.23938568,0.24476392584417775,0.15261044176706828,0.1417144,0.1521897449456587,38,15,0.39473684210526316
Gregg Williams,40,0.8,2018,0.575,0.59746635,0.579493269920349,0.175,0.21431926,0.18286385178565978,0.25,0.18821439,0.23764287829399108,10,5,0.5
Gus Bradley,475,0.979381443298969,2016,0.6294736842105263,0.6420461,0.6297329091534172,0.20421052631578948,0.19538896,0.2040286383063523,0.16631578947368422,0.16256492,0.16623845192574965,79,35,0.4430379746835443
Hue Jackson,415,0.9764705882352941,2018,0.6409638554216868,0.6434251,0.6410217672235825,0.20481927710843373,0.20802535,0.2048947141450994,0.15421686746987953,0.14854951,0.15408351793008693,64,35,0.546875
Jack Del Rio,531,0.9815157116451017,2017,0.615819209039548,0.63610184,0.6161941190744283,0.224105461393597,0.22220501,0.22407033295816503,0.160075329566855,0.14169312,0.15973554741653187,85,38,0.4470588235294118
Jason Garrett,990,0.99,2019,0.5777777777777777,0.5809431,0.5778094310760498,0.29393939393939394,0.28109258,0.29381092584133145,0.12828282828282828,0.1379644,0.12837964397668838,127,73,0.5748031496062992
Jay Gruden,572,0.9828178694158075,2019,0.5891608391608392,0.5919944,0.5892095258555461,0.25874125874125875,0.26288435,0.2588124458527647,0.1520979020979021,0.1451213,0.15197802931582396,87,44,0.5057471264367817
Jay Rosburg,15,0.6,2022,0.6666666666666666,0.6641538,0.6656615257263183,0.13333333333333333,0.14479986,0.13791994333267213,0.2,0.19104637,0.19641854882240295,3,2,0.6666666666666666
Jeff Fisher,706,0.9860335195530726,2016,0.6430594900849859,0.66257113,0.6433319990528362,0.21954674220963172,0.20570824,0.2193534669762883,0.13739376770538245,0.13172063,0.13731453397087545,97,42,0.4329896907216495
Jeff Hafley,25,0.7142857142857143,2026,0.48,0.52520114,0.4929146119526454,0.28,0.28161174,0.2804604973111834,0.24,0.1931871,0.22662488647869655,6,1,0.16666666666666666
Jeff Saturday,61,0.8591549295774648,2022,0.4098360655737705,0.4174194,0.4109041413790743,0.3114754098360656,0.29014316,0.30847086788902817,0.2786885245901639,0.2924374,0.2806249865343873,17,10,0.5882352941176471
Jerod Mayo,121,0.9236641221374046,2024,0.5454545454545454,0.53794456,0.5448812637620299,0.256198347107438,0.25101793,0.25580289527660105,0.19834710743801653,0.21103752,0.19931584096136895,24,14,0.5833333333333334
Jesse Minter,22,0.6875,2026,0.5909090909090909,0.58909833,0.5903432294726372,0.22727272727272727,0.2383499,0.23073434364050627,0.18181818181818182,0.1725517,0.17892240826040506,4,1,0.25
Jim Caldwell,649,0.9848254931714719,2017,0.6117103235747303,0.6188395,0.6118185053465037,0.275808936825886,0.265814,0.27565726868480395,0.11248073959938366,0.11534646,0.11252422551645676,73,33,0.4520547945205479
Jim Harbaugh,786,0.9874371859296482,2026,0.5572519083969466,0.5667537,0.5573712774557085,0.31170483460559795,0.29356614,0.3114769615270384,0.13104325699745548,0.13968018,0.13115176101725307,103,61,0.5922330097087378
Jim Schwartz,456,0.9785407725321889,2013,0.6359649122807017,0.628668,0.6358083263998892,0.23684210526315788,0.24271648,0.23696816472792318,0.12719298245614036,0.12861551,0.1272235088721877,58,28,0.4827586206896552
Jim Tomsula,133,0.9300699300699301,2015,0.6541353383458647,0.6362404,0.6528839456451523,0.20300751879699247,0.2039833,0.20307575572620737,0.14285714285714285,0.15977618,0.14404029237640487,19,9,0.47368421052631576
Joe Judge,238,0.9596774193548387,2021,0.5294117647058824,0.51435494,0.5288046348479486,0.2605042016806723,0.24231787,0.25977088186529373,0.21008403361344538,0.24332713,0.21142448088334453,50,26,0.52
Joe Philbin,465,0.9789473684210527,2018,0.6,0.6021298,0.6000448382528204,0.24731182795698925,0.24172777,0.24719426882894416,0.15268817204301074,0.15614243,0.15276089323194403,71,26,0.36619718309859156
Joe Vitt,62,0.8611111111111112,2012,0.6774193548387096,0.696492,0.6800683355993695,0.1774193548387097,0.16438298,0.17560874712136057,0.14516129032258066,0.13912508,0.1443229276272986,9,5,0.5555555555555556
John Fox,926,0.9893162393162394,2017,0.6382289416846653,0.63310766,0.6381742271602664,0.23974082073434125,0.23161727,0.2396540306826942,0.12203023758099352,0.13527513,0.12217174279384124,113,52,0.46017699115044247
John Harbaugh,1932,0.9948506694129763,2026,0.5538302277432712,0.57405674,0.5539343807650643,0.28467908902691513,0.28273165,0.28466906103120404,0.16149068322981366,0.14321166,0.1613965585106556,312,169,0.5416666666666666
Jon Gruden,333,0.9708454810495627,2021,0.5255255255255256,0.50947905,0.52505769813026,0.2822822822822823,0.25745475,0.2815584476070571,0.1921921921921922,0.23306619,0.19338385382824666,64,37,0.578125
Jonathan Gannon,360,0.972972972972973,2026,0.5027777777777778,0.5243986,0.5033621249972162,0.26666666666666666,0.25275573,0.2662906954417358,0.23055555555555557,0.22284563,0.23034717915831385,83,38,0.4578313253012048
Josh McDaniels,255,0.9622641509433962,2023,0.5490196078431373,0.5331394,0.5484203550050845,0.2549019607843137,0.23567407,0.25417637993704595,0.19607843137254902,0.23118654,0.19740326562017763,50,26,0.52
Kellen Moore,155,0.9393939393939394,2026,0.44516129032258067,0.44192746,0.44496530077674173,0.27741935483870966,0.26604527,0.2767300165060795,0.27741935483870966,0.29202724,0.27830468091097743,43,21,0.4883720930232558
Ken Whisenhunt,614,0.9839743589743589,2015,0.6791530944625407,0.6651436,0.6789285834783163,0.1791530944625407,0.18306914,0.17921585159806105,0.14169381107491857,0.1517872,0.1418555642072207,87,39,0.4482758620689655
Kevin O'Connell,496,0.9802371541501976,2026,0.530241935483871,0.52731115,0.5301840147482076,0.28830645161290325,0.27777442,0.28809830876207165,0.1814516129032258,0.19491445,0.18171767678421005,90,50,0.5555555555555556
Kevin Stefanski,794,0.9875621890547264,2025,0.5340050377833753,0.5316497,0.5339757426461177,0.20654911838790932,0.23334445,0.20688239366409197,0.2594458438287154,0.2350058,0.25914186313377685,206,99,0.48058252427184467
Kliff Kingsbury,463,0.9788583509513742,2022,0.4946004319654428,0.5339385,0.49543210416717204,0.2526997840172786,0.2600165,0.25285447147885537,0.2526997840172786,0.20604499,0.25171342466900765,117,66,0.5641025641025641
Klint Kubliak,28,0.7368421052631579,2026,0.5,0.5036086,0.5009496274747347,0.2857142857142857,0.28505516,0.28554083171643707,0.21428571428571427,0.21133624,0.21350953688747004,6,4,0.6666666666666666
Kyle Shanahan,984,0.9899396378269618,2026,0.5335365853658537,0.51887995,0.5333891343063033,0.3130081300813008,0.2977789,0.31285491855571446,0.15345528455284552,0.18334115,0.1537559471379823,151,72,0.4768211920529801
Leslie Frazier,383,0.9745547073791349,2013,0.6109660574412533,0.6180531,0.6111463887697566,0.25326370757180156,0.2521097,0.25323434367434666,0.13577023498694518,0.12983723,0.1356192679350613,52,26,0.5
Liam Coen,136,0.9315068493150684,2026,0.5073529411764706,0.4890129,0.5060967737681245,0.27941176470588236,0.29718092,0.28062883019447327,0.21323529411764705,0.21380612,0.2132743919548923,29,16,0.5517241379310345
Lovie Smith,698,0.9858757062146892,2022,0.6346704871060171,0.6295862,0.6345986754207287,0.2521489971346705,0.23691885,0.2519338820866272,0.11318051575931232,0.13349494,0.11346744270311236,79,33,0.4177215189873418
Marc Trestman,203,0.9530516431924883,2014,0.625615763546798,0.6259996,0.6256337854224192,0.18226600985221675,0.20552292,0.1833578837869313,0.1921182266009852,0.16847746,0.19100833149023458,39,20,0.5128205128205128
Marvin Lewis,1029,0.9903753609239654,2018,0.6248785228377065,0.61823565,0.6248145875618708,0.24295432458697766,0.2528795,0.24304985082183925,0.13216715257531583,0.12888484,0.13213556147287164,136,78,0.5735294117647058
Matt Eberflus,367,0.9734748010610079,2024,0.5286103542234333,0.52362573,0.5284781361132149,0.23160762942779292,0.24698335,0.23201547345685075,0.23978201634877383,0.22939084,0.23950638845365305,88,44,0.5
Matt LaFleur,770,0.9871794871794872,2026,0.5181818181818182,0.523923,0.5182554228183551,0.2597402597402597,0.27760425,0.2599692852833332,0.22207792207792207,0.19847277,0.2217752918983117,171,91,0.5321637426900585
Matt Nagy,477,0.9794661190965093,2021,0.549266247379455,0.539096,0.5490574126860445,0.2431865828092243,0.2591477,0.24351432656360603,0.20754716981132076,0.20175631,0.20742826105632822,99,46,0.46464646464646464
Matt Patricia,299,0.9676375404530745,2020,0.5785953177257525,0.5719244,0.5783794300455877,0.2709030100334448,0.25394696,0.27035427054926797,0.1505016722408027,0.17412865,0.15126629940514427,45,24,0.5333333333333333
Matt Rhule,266,0.9637681159420289,2022,0.4774436090225564,0.4937153,0.4780331625454668,0.2631578947368421,0.2561091,0.26290250321229297,0.2593984962406015,0.25017565,0.25906433532203454,69,32,0.463768115942029
Mel Tucker,40,0.8,2011,0.725,0.72166955,0.7243339109420776,0.125,0.14629881,0.12925976216793061,0.15,0.13203159,0.14640631794929504,6,2,0.3333333333333333
Mike Macdonald,267,0.9638989169675091,2026,0.5617977528089888,0.5415876,0.5610681440856052,0.30337078651685395,0.29021484,0.302895842476442,0.1348314606741573,0.16819762,0.136036015051797,36,19,0.5277777777777778
Mike McCarthy,1586,0.993734335839599,2026,0.5397225725094578,0.56463474,0.5398786637866706,0.2849936948297604,0.27654228,0.2849407410785966,0.17528373266078184,0.15882298,0.17518059513473272,278,144,0.5179856115107914
Mike McCoy,402,0.9757281553398058,2016,0.5895522388059702,0.58139056,0.589354139797896,0.3009950248756219,0.2914268,0.30076278659325206,0.10945273631840796,0.12718263,0.10988307360885213,44,21,0.4772727272727273
Mike McDaniel,457,0.9785867237687366,2025,0.487964989059081,0.5045587,0.4883203143991801,0.2713347921225383,0.2637468,0.2711723083091752,0.24070021881838075,0.23169456,0.24050737824889273,110,54,0.4909090909090909
Mike Mularkey,352,0.9723756906077348,2017,0.6193181818181818,0.6132691,0.619151079852278,0.24147727272727273,0.24089354,0.2414611475902368,0.13920454545454544,0.14583735,0.13938777214585088,49,19,0.3877551020408163
Mike Munchak,341,0.9715099715099715,2013,0.6158357771260997,0.62559736,0.6161138848361806,0.25219941348973607,0.2571144,0.252339441891749,0.13196480938416422,0.11728822,0.13154667284753585,45,25,0.5555555555555556
Mike Pettine,233,0.9588477366255144,2015,0.6137339055793991,0.60711473,0.613461511615863,0.2317596566523605,0.26067808,0.23294971533763556,0.15450643776824036,0.13220713,0.15358877059363538,36,14,0.3888888888888889
Mike Shanahan,464,0.9789029535864979,2013,0.603448275862069,0.61033654,0.6035935979352218,0.25862068965517243,0.26557863,0.2587674815946491,0.13793103448275862,0.12408487,0.1376389212560553,64,28,0.4375
Mike Singletary,119,0.9224806201550387,2010,0.6638655462184874,0.6416356,0.6621422943218734,0.20168067226890757,0.20778044,0.20215352214584054,0.13445378151260504,0.15058395,0.13570418237715728,16,8,0.5
Mike Smith,531,0.9815157116451017,2014,0.60075329566855,0.5913147,0.6005788294533044,0.2711864406779661,0.27761284,0.2713052280068177,0.128060263653484,0.1310725,0.12811594281531527,68,32,0.47058823529411764
Mike Tomlin,1839,0.9945916711736074,2025,0.5774877650897227,0.5633442,0.5774112719339316,0.28602501359434473,0.289886,0.2860458950663722,0.13648722131593258,0.1467698,0.13654283291910585,251,124,0.4940239043824701
Mike Vrabel,823,0.9879951980792316,2026,0.6014580801944107,0.6056866,0.6015088427968387,0.22721749696233293,0.23549785,0.227316900926764,0.17132442284325639,0.15881558,0.1711742566341684,141,83,0.5886524822695035
Mike Zimmer,901,0.9890230515916575,2021,0.5826859045504994,0.5851276,0.5827127068286146,0.27192008879023305,0.27272567,0.2719289316304036,0.1453940066592675,0.1421467,0.1453583612138432,131,61,0.46564885496183206
Nathaniel Hackett,136,0.9315068493150684,2022,0.6176470588235294,0.5912352,0.6158380287967316,0.22794117647058823,0.21462405,0.2270290443342026,0.15441176470588236,0.19414073,0.1571329268690658,21,10,0.47619047619047616
Nick Sirianni,645,0.9847328244274809,2026,0.5085271317829457,0.5298583,0.5088527983381549,0.25426356589147286,0.27644938,0.2546022806458801,0.2372093023255814,0.19369231,0.23654492078846648,153,95,0.6209150326797386
Norv Turner,285,0.9661016949152542,2012,0.5649122807017544,0.5781281,0.56536027455734,0.3192982456140351,0.3098399,0.31897762387485823,0.11578947368421053,0.11203197,0.11566210055755356,33,15,0.45454545454545453
Pat Shurmur,479,0.9795501022494888,2019,0.6137787056367432,0.6194282,0.6138942375748678,0.21085594989561587,0.21160121,0.21087119044214184,0.17536534446764093,0.1689706,0.1752345725924447,84,43,0.5119047619047619
Pete Carroll,1756,0.9943374858437146,2025,0.6036446469248291,0.59231806,0.6035805099547786,0.260250569476082,0.2677991,0.2602933131892441,0.13610478359908884,0.13988286,0.1361261770247333,239,121,0.5062761506276151
Raheem Morris,549,0.9821109123434705,2026,0.5063752276867031,0.5064853,0.5063771964825543,0.29326047358834245,0.2949943,0.29329149006517713,0.20036429872495445,0.19852044,0.2003313137188367,110,63,0.5727272727272728
Rex Ryan,831,0.9881093935790726,2016,0.6474127557160048,0.64288825,0.6473589565751101,0.2394705174488568,0.23519035,0.23941962362469732,0.11311672683513839,0.12192144,0.11322142024315211,94,41,0.43617021276595747
Rich Bisaccia,83,0.8924731182795699,2021,0.4819277108433735,0.4666298,0.48028277453555857,0.37349397590361444,0.3500648,0.3709747111925515,0.14457831325301204,0.18330528,0.14874250305596218,12,10,0.8333333333333334
Rob Chudzinski,129,0.9280575539568345,2013,0.5736434108527132,0.58727306,0.5746239612428404,0.18604651162790697,0.2293236,0.18915997091814768,0.24031007751937986,0.18340331,0.2362160656949599,31,14,0.45161290322580644
Robert Saleh,548,0.982078853046595,2026,0.5620437956204379,0.5568743,0.5619511518854394,0.22992700729927007,0.22057815,0.22975946503514458,0.20802919708029197,0.22254762,0.2082893838805537,114,54,0.47368421052631576
Romeo Crennel,204,0.9532710280373832,2020,0.5637254901960784,0.53330064,0.5623037681401333,0.29411764705882354,0.30721113,0.2947294920961434,0.14215686274509803,0.15948822,0.1429667390674074,29,14,0.4827586206896552
Ron Rivera,1465,0.9932203389830508,2023,0.5890784982935153,0.5822119,0.5890319451639208,0.2546075085324232,0.25947675,0.25464052034636675,0.15631399317406144,0.15831132,0.15632753438868768,229,123,0.537117903930131
Sean McDermott,1025,0.9903381642512077,2026,0.535609756097561,0.5347566,0.5356015130517564,0.2780487804878049,0.29295546,0.27819280635907456,0.18634146341463415,0.17228791,0.18620568030122397,191,107,0.5602094240837696
Sean McVay,1124,0.9911816578483245,2026,0.5302491103202847,0.5335478,0.5302781994590894,0.29804270462633453,0.29216698,0.29799089045961913,0.17170818505338079,0.17428516,0.17173090968708093,193,109,0.5647668393782384
Sean Payton,1531,0.9935107073329007,2026,0.56629653821032,0.57073486,0.5663253397697137,0.2756368386675376,0.27584434,0.27563818517557453,0.1580666231221424,0.15342079,0.15803647495801382,242,147,0.6074380165289256
Shane Steichen,389,0.974937343358396,2026,0.4601542416452442,0.4803892,0.46066138364916154,0.30077120822622105,0.2834114,0.3003361256499039,0.2390745501285347,0.23619936,0.23900249032747178,93,56,0.6021505376344086
Steve Spagnuolo,314,0.9691358024691358,2017,0.6496815286624203,0.6497459,0.6496835148628847,0.2197452229299363,0.21714035,0.21966482551745428,0.1305732484076433,0.13311382,0.13065166099939818,41,17,0.4146341463414634
Steve Wilks,194,0.9509803921568627,2022,0.6855670103092784,0.66712886,0.6846631794583564,0.17525773195876287,0.18512958,0.17574164621970234,0.13917525773195877,0.14774156,0.1395951743219413,27,13,0.48148148148148145
Todd Bowles,1037,0.9904489016236867,2026,0.5776277724204436,0.57224274,0.5775763394156296,0.26325940212150434,0.24558294,0.26309057247559,0.15911282545805208,0.18217434,0.15933308825110298,165,85,0.5151515151515151
Todd Haley,231,0.9585062240663901,2011,0.658008658008658,0.67100376,0.6585478738135817,0.17316017316017315,0.19462328,0.17405075836478426,0.16883116883116883,0.13437292,0.16740136596671773,39,17,0.4358974358974359
Todd Monken,29,0.7435897435897436,2026,0.5172413793103449,0.5071608,0.5146566109779553,0.27586206896551724,0.2954457,0.2808835154924637,0.20689655172413793,0.1973935,0.20445987352958092,6,3,0.5
Tom Cable,128,0.927536231884058,2010,0.5546875,0.58670926,0.5570079174594602,0.2890625,0.27891642,0.28832727670669556,0.15625,0.13437429,0.15466480367425559,20,8,0.4
Tom Coughlin,685,0.9856115107913669,2015,0.6467153284671533,0.6344809,0.6465392934332649,0.24087591240875914,0.25112736,0.2410234152841911,0.11240875912408758,0.11439172,0.11243729096093623,77,32,0.4155844155844156
Tony Sparano,334,0.9709302325581395,2014,0.6347305389221557,0.6240855,0.634421089707419,0.25449101796407186,0.24271868,0.25414879888642666,0.11077844311377245,0.13319586,0.11143011227250099,37,16,0.43243243243243246
Urban Meyer,94,0.9038461538461539,2021,0.5957446808510638,0.578941,0.5941289411141322,0.1595744680851064,0.16077767,0.15969016087742954,0.24468085106382978,0.26028135,0.24618089944124222,23,12,0.5217391304347826
Vance Joseph,243,0.9604743083003953,2018,0.6049382716049383,0.60915005,0.6051047451411311,0.2139917695473251,0.21593086,0.2140684136053319,0.18106995884773663,0.17491905,0.1808268400755796,44,22,0.5
Vic Fangio,339,0.9713467048710601,2021,0.5486725663716814,0.54809475,0.5486560100129135,0.27728613569321536,0.24338837,0.2763148529994112,0.17404129793510326,0.2085169,0.1750291374146426,59,31,0.5254237288135594
Wade Phillips,78,0.8863636363636364,2013,0.6282051282051282,0.60374063,0.6254250718788666,0.20512820512820512,0.22162971,0.2070033760233359,0.16666666666666666,0.17462972,0.16757155887105246,13,8,0.6153846153846154
Zac Taylor,846,0.9883177570093458,2026,0.549645390070922,0.5439286,0.5495786054112086,0.2718676122931442,0.2572041,0.2716963094110801,0.17848699763593381,0.19886729,0.17872508517771124,151,87,0.5761589403973509
